{
  "project_info": {
    "project_number": "425254176298",
    "firebase_url": "https://college-admin-5d5e8-default-rtdb.firebaseio.com",
    "project_id": "college-admin-5d5e8",
    "storage_bucket": "college-admin-5d5e8.appspot.com"
  },
  "client": [
    {
      "client_info": {
        "mobilesdk_app_id": "1:425254176298:android:a1951d024d68d9bb5aa553",
        "android_client_info": {
          "package_name": "com.example.studentuserapp"
        }
      },
      "oauth_client": [
        {
          "client_id": "425254176298-tsu5da9tcvuar7di8eql9he77qpsin0a.apps.googleusercontent.com",
          "client_type": 3
        }
      ],
      "api_key": [
        {
          "current_key": "AIzaSyCFEj_T82sczfvK_e7n3p1q1ZmvOSTIls0"
        }
      ],
      "services": {
        "appinvite_service": {
          "other_platform_oauth_client": [
            {
              "client_id": "425254176298-3llm2godhfbr3s1grphhdlpsebsvvba2.apps.googleusercontent.com",
              "client_type": 3
            }
          ]
        }
      }
    },
    {
      "client_info": {
        "mobilesdk_app_id": "1:425254176298:android:28acaac6efc9cb7a5aa553",
        "android_client_info": {
          "package_name": "com.example.traning_project"
        }
      },
      "oauth_client": [
        {
          "client_id": "425254176298-tsu5da9tcvuar7di8eql9he77qpsin0a.apps.googleusercontent.com",
          "client_type": 3
        }
      ],
      "api_key": [
        {
          "current_key": "AIzaSyCFEj_T82sczfvK_e7n3p1q1ZmvOSTIls0"
        }
      ],
      "services": {
        "appinvite_service": {
          "other_platform_oauth_client": [
            {
              "client_id": "425254176298-3llm2godhfbr3s1grphhdlpsebsvvba2.apps.googleusercontent.com",
              "client_type": 3
            }
          ]
        }
      }
    }
  ],
  "configuration_version": "1"
}